growth_rate,column2,pe161_c,trp__L_c,glu__L_c,4fe4s_c,gtp_c,h2o_c,thmpp_c,leu__L_c,cobalt2_c,cu2_c,pydx5p_c,ca2_c,asn__L_c,asp__L_c,dctp_c,pe160_c,coa_c,fe2_c,mg2_c,ala__L_c,sheme_c,arg__L_c,thf_c,tyr__L_c,thr__L_c,ctp_c,ser__L_c,dttp_c,fad_c,atp_c,gln__L_c,pheme_c,btn_c,fe3_c,met__L_c,lys__L_c,amet_c,2fe2s_c,accoa_c,cys__L_c,10fthf_c,dgtp_c,his__L_c,val__L_c,utp_c,k_c,hemeO_c,ile__L_c,zn2_c,nadph_c,nad_c,mn2_c,pro__L_c,nadh_c,phe__L_c,gly_c,datp_c,ppi_c,pi_c,h_c,adp_c
0.8342786,-10,0.04980395,0.06030125,0.33549663,0.000142209,11.487727,47.058968,3.30E-05,0.5522924,0.000124804,3.11E-06,6.21E-05,-7.11E-13,0.22718062,0.32399023,0.023231398,0.014288342,0.000377569,-1.27E-05,0.018002514,0.60140765,3.84E-06,0.31213272,-0.023873115,0.14898048,0.287625,0.26968992,0.29082203,0.02248116,6.73E-05,41.438244,0.24035269,3.10E-06,6.56E-07,-3.51E-09,0.16402096,0.31070542,0.002668237,5.00E-05,0.000197494,0.053988162,0.024254842,0.023297256,0.11696541,0.4360321,0.23390694,5.25E-05,3.11E-06,0.32835746,8.63E-05,1.14E-08,0.001765342,5.44E-05,0.20960121,9.88E-05,0.19187501,0.43646863,0.022555783,-6.625206,-47.43223,-52.803127,-35.41602
0.83357424,-9.8,0.05355701,0.060801458,0.33507204,0.00014193,11.479952,47.54333,3.29E-05,0.55448735,0.000129195,3.10E-06,6.23E-05,2.36E-14,0.22700892,0.3225989,0.023283757,0.018130371,0.0003784,-1.27E-05,0.018010091,0.59911484,3.85E-06,0.3141007,-0.023786891,0.14907865,0.28703737,0.27640018,0.29157358,0.022532724,6.71E-05,41.962067,0.23974104,3.10E-06,6.55E-07,4.86E-10,0.16424899,0.31020227,0.002669625,5.01E-05,0.000197811,0.053942427,0.024277825,0.023297494,0.11687889,0.43547416,0.23957197,5.23E-05,3.11E-06,0.32807243,8.60E-05,1.14E-08,0.001765776,5.85E-05,0.20964746,9.89E-05,0.19129315,0.43337452,0.022547046,-6.6371207,-47.398655,-53.114365,-36.090866
0.8323427,-9.6,0.055398393,0.060745507,0.335115,0.000141545,11.455639,47.743294,3.30E-05,0.5541064,0.000128919,3.10E-06,6.22E-05,-3.61E-14,0.22713585,0.32266894,0.023288764,0.017815903,0.000378312,-1.26E-05,0.01799972,0.59825575,3.84E-06,0.3136836,-0.023796238,0.14847308,0.28675526,0.27822658,0.29136103,0.022579009,6.70E-05,42.02465,0.23987485,3.10E-06,6.54E-07,3.58E-10,0.16403317,0.3099646,0.002666903,5.00E-05,0.000197557,0.05392287,0.024284719,0.023363715,0.11694098,0.4361784,0.24091288,5.22E-05,3.10E-06,0.32797584,8.59E-05,1.14E-08,0.001765842,5.85E-05,0.20966424,9.88E-05,0.19130912,0.43338686,0.02254333,-6.635328,-47.503227,-53.27131,-36.286045
0.83189595,-9.4,0.05529728,0.06085829,0.33560246,0.000141595,11.468802,47.836163,3.31E-05,0.5543503,0.000128376,3.10E-06,6.22E-05,-1.06E-13,0.2274247,0.32250792,0.023311414,0.01781926,0.000378145,-1.26E-05,0.018005934,0.5986819,3.83E-06,0.31380883,-0.023807311,0.14865316,0.28704426,0.27849826,0.2915049,0.02259373,6.70E-05,42.065723,0.23993488,3.10E-06,6.54E-07,3.92E-12,0.16416563,0.31000325,0.002670295,5.00E-05,0.000197641,0.05409439,0.024304489,0.02335926,0.11715746,0.43693593,0.24143663,5.22E-05,3.10E-06,0.32801753,8.60E-05,1.14E-08,0.001765751,5.84E-05,0.21008581,9.88E-05,0.19120619,0.43314365,0.0225504,-6.641998,-47.528313,-53.33514,-36.345974
0.8339694,-9.2,0.05238665,0.06072023,0.33527556,0.000142075,11.475886,47.641224,3.32E-05,0.5544119,0.000129436,3.10E-06,6.23E-05,8.99E-14,0.22765386,0.3226352,0.023304185,0.016415449,0.000377968,-1.27E-05,0.018034695,0.59907115,3.84E-06,0.31357262,-0.023828527,0.14966704,0.28736344,0.27660283,0.29167604,0.022598581,6.70E-05,41.83487,0.24081764,3.10E-06,6.54E-07,6.77E-10,0.16410655,0.3104751,0.002670421,5.01E-05,0.000198084,0.0538977,0.024301764,0.02327865,0.11741968,0.4380591,0.24012792,5.23E-05,3.10E-06,0.32742506,8.61E-05,1.14E-08,0.001765683,5.91E-05,0.21068545,9.89E-05,0.19138715,0.43300727,0.022587627,-6.6488132,-47.372482,-53.1353,-36.21269
0.8282928,-9,0.0638079,0.05980776,0.33111694,0.000140242,11.391483,47.43938,3.30E-05,0.5477022,0.000267329,3.06E-06,6.12E-05,2.48E-11,0.22550055,0.3201377,0.02339852,0.016227374,0.000380834,-1.25E-05,0.017584834,0.5933887,3.78E-06,0.31104687,-0.023637893,0.14786895,0.28428474,0.27196977,0.2878698,0.02257365,6.61E-05,41.89742,0.2373328,3.06E-06,6.50E-07,-6.02E-10,0.16263512,0.30678952,0.002632408,4.94E-05,0.000195039,0.05334484,0.02407481,0.023361376,0.116049394,0.4324153,0.23663329,5.15E-05,3.05E-06,0.32468978,8.48E-05,1.13E-08,0.001766492,0.000126495,0.2077221,9.73E-05,0.18880644,0.42956957,0.02263215,-6.55199,-47.196842,-53.021008,-36.1629
0.82158315,-8.8,0.083173834,0.05889782,0.3257736,0.000137885,11.194247,47.257774,3.27E-05,0.538818,0.000261986,3.00E-06,5.98E-05,2.41E-11,0.22165352,0.31421196,0.023522805,0.017028758,0.000385391,-1.22E-05,0.017178101,0.5842724,3.68E-06,0.30580822,-0.02324816,0.14493625,0.27933797,0.26792717,0.28365618,0.022714673,6.45E-05,41.81282,0.23362869,3.00E-06,6.45E-07,-1.88E-10,0.1599468,0.30193895,0.002574758,4.83E-05,0.00019061,0.0526391,0.023695547,0.023533845,0.11412434,0.42488986,0.2313599,5.03E-05,2.99E-06,0.31947926,8.30E-05,1.12E-08,0.001767825,0.000124622,0.20438202,9.54E-05,0.18604845,0.42165715,0.022780506,-6.4510765,-47.17654,-52.606556,-36.235435
0.81473035,-8.6,0.10266457,0.057910178,0.32028824,0.000135593,11.000792,47.0572,3.23E-05,0.52984655,0.000257433,2.94E-06,5.84E-05,2.34E-11,0.21776946,0.30888936,0.023707807,0.016539153,0.000389527,-1.19E-05,0.016797068,0.574912,3.60E-06,0.30064866,-0.022880727,0.14215223,0.27455822,0.26260555,0.27924457,0.022902707,6.30E-05,41.735245,0.22976111,2.94E-06,6.40E-07,5.99E-11,0.15722317,0.29711017,0.002518388,4.74E-05,0.000186482,0.051749915,0.023308307,0.023723152,0.11222051,0.41780466,0.22621258,4.92E-05,2.94E-06,0.31410035,8.12E-05,1.11E-08,0.00176913,0.000121966,0.20086017,9.33E-05,0.18269031,0.413822,0.022971556,-6.3481727,-47.037487,-52.28756,-36.20066
0.8074337,-8.4,0.12270801,0.05692297,0.3143639,0.000133352,10.808647,46.894085,3.19E-05,0.52103156,0.000253421,2.88E-06,5.68E-05,2.27E-11,0.2143148,0.30406153,0.023906473,0.016213018,0.000393759,-1.17E-05,0.01641801,0.5652781,3.50E-06,0.29529357,-0.022503419,0.13978967,0.26992396,0.2564996,0.27471885,0.02311524,6.15E-05,41.653263,0.22585033,2.88E-06,6.34E-07,-3.73E-10,0.15450604,0.29194993,0.002460287,4.65E-05,0.000182199,0.05078378,0.022933759,0.023918452,0.11018523,0.41046977,0.22116384,4.81E-05,2.88E-06,0.3084398,7.93E-05,1.10E-08,0.0017705,0.000119584,0.19720373,9.11E-05,0.1792987,0.4066685,0.023170749,-6.239808,-46.837784,-52.05127,-36.179214
0.80010945,-8.2,0.1416899,0.056039497,0.30891484,0.000131263,10.62568,46.79638,3.15E-05,0.51307726,0.000249723,2.83E-06,5.53E-05,2.21E-11,0.21119277,0.2996706,0.024103278,0.016760511,0.000397793,-1.16E-05,0.01605984,0.5561355,3.41E-06,0.29039413,-0.022144258,0.13769688,0.26554832,0.25112033,0.27061966,0.0233312,6.02E-05,41.619427,0.22227268,2.83E-06,6.28E-07,-1.39E-10,0.15200752,0.28704005,0.002405579,4.57E-05,0.000178175,0.04991888,0.022587746,0.02411697,0.10826786,0.40348703,0.2170815,4.70E-05,2.83E-06,0.3030964,7.75E-05,1.09E-08,0.001771785,0.000117671,0.1937193,8.91E-05,0.1762496,0.4001119,0.023368541,-6.1418633,-46.705723,-51.915665,-36.23355
0.79297465,-8,0.16106635,0.05505947,0.30321738,0.000129204,10.441188,46.63297,3.10E-05,0.5048314,0.000245618,2.78E-06,5.37E-05,2.15E-11,0.20781288,0.2947823,0.024301698,0.017116515,0.000401949,-1.14E-05,0.015687926,0.5468247,3.32E-06,0.28526315,-0.021779522,0.13540258,0.2609962,0.2453497,0.26626194,0.02354954,5.88E-05,41.52153,0.2186232,2.78E-06,6.22E-07,4.56E-10,0.14949569,0.2820831,0.002349273,4.48E-05,0.000173976,0.04903741,0.02222851,0.024304261,0.106255636,0.3962388,0.21264647,4.58E-05,2.78E-06,0.297699,7.57E-05,1.08E-08,0.001773085,0.000115718,0.19024384,8.70E-05,0.17314215,0.39315504,0.023560332,-6.034987,-46.509235,-51.717384,-36.229687
0.78482276,-7.8,0.18138015,0.054038364,0.29745263,0.000127211,10.250518,46.440308,3.04E-05,0.4964692,0.000241089,2.72E-06,5.21E-05,2.09E-11,0.20450404,0.28989857,0.024518719,0.017772024,0.000406437,-1.13E-05,0.015301893,0.53727067,3.23E-06,0.2800232,-0.021403242,0.13302961,0.25651878,0.23972487,0.2618355,0.023778696,5.75E-05,41.430576,0.21498294,2.72E-06,6.15E-07,3.67E-10,0.1470351,0.27721903,0.002290999,4.40E-05,0.00016956,0.0481489,0.021862367,0.024509553,0.10413863,0.38876358,0.20856829,4.47E-05,2.72E-06,0.2922386,7.38E-05,1.06E-08,0.001774404,0.000113854,0.18673818,8.48E-05,0.17010571,0.38638926,0.023782406,-5.9269466,-46.354374,-51.480095,-36.22711
0.77731586,-7.6,0.20040667,0.05303803,0.29210275,0.000125459,10.071868,46.246124,2.99E-05,0.4887178,0.000236585,2.68E-06,5.07E-05,2.03E-11,0.20149906,0.28553048,0.024716321,0.01797816,0.000410639,-1.13E-05,0.014948642,0.528319,3.15E-06,0.27511272,-0.021052465,0.13088231,0.25235456,0.23435216,0.25774834,0.023990083,5.63E-05,41.32216,0.21173541,2.67E-06,6.09E-07,-1.78E-10,0.14479628,0.2727582,0.002236545,4.32E-05,0.000165472,0.047305748,0.021520764,0.024695508,0.10215066,0.38196874,0.20469145,4.37E-05,2.68E-06,0.287173,7.20E-05,1.05E-08,0.001775623,0.000112139,0.18347788,8.28E-05,0.16741553,0.38026488,0.023990855,-5.827181,-46.202854,-51.242054,-36.220047
0.7690549,-7.4,0.21943595,0.051962007,0.2864188,0.000123235,9.882489,46.027126,2.95E-05,0.4799008,0.000232226,2.62E-06,4.93E-05,1.96E-11,0.19797163,0.28056604,0.024933312,0.017949997,0.000414831,-1.11E-05,0.014573245,0.51881164,3.06E-06,0.2699246,-0.020683186,0.12821262,0.24771544,0.22882399,0.25319082,0.024208127,5.49E-05,41.197636,0.20803028,2.62E-06,6.03E-07,-6.24E-10,0.14217848,0.2678803,0.00218089,4.24E-05,0.000161345,0.046472453,0.021143489,0.024925556,0.100070484,0.37479857,0.20009749,4.26E-05,2.62E-06,0.28193817,7.02E-05,1.04E-08,0.001776903,0.000110021,0.18000317,8.07E-05,0.16422828,0.37312776,0.024205362,-5.7173243,-45.996387,-50.92997,-36.1941
0.760245,-7.2,0.2388165,0.05095823,0.28055814,0.000120769,9.692315,45.880013,2.91E-05,0.47073513,0.000227968,2.56E-06,4.78E-05,1.90E-11,0.19418703,0.27538314,0.025218597,0.017872978,0.000418966,-1.08E-05,0.01419764,0.5091936,2.97E-06,0.26467103,-0.020300487,0.12563252,0.24289759,0.22341418,0.2484176,0.024481814,5.33E-05,41.149086,0.2040607,2.56E-06,5.96E-07,-6.12E-10,0.1394011,0.26254252,0.00212389,4.14E-05,0.00015718,0.045637313,0.020762306,0.0252202,0.098028265,0.3675055,0.19519587,4.14E-05,2.56E-06,0.27629516,6.84E-05,1.03E-08,0.001778217,0.000107618,0.17635664,7.86E-05,0.16085084,0.36546335,0.024467116,-5.605399,-45.809464,-50.675312,-36.239834
0.7511473,-7,0.25842315,0.04994483,0.27458617,0.000118225,9.499054,45.721233,2.87E-05,0.46135435,0.000223761,2.50E-06,4.63E-05,1.83E-11,0.19033115,0.27005872,0.025529314,0.017975554,0.000423122,-1.05E-05,0.013814221,0.4995931,2.88E-06,0.25937527,-0.019928506,0.123023815,0.23805965,0.21800202,0.2435848,0.024781656,5.17E-05,41.10343,0.19995339,2.50E-06,5.89E-07,-6.81E-10,0.13661078,0.25723076,0.002065767,4.04E-05,0.000152928,0.044791106,0.02037927,0.025537916,0.09594854,0.36002547,0.19039164,4.03E-05,2.50E-06,0.2706703,6.65E-05,1.02E-08,0.001779537,0.000105282,0.1726602,7.65E-05,0.15738733,0.35781673,0.0247472,-5.491506,-45.63422,-50.422604,-36.271767
0.7422341,-6.8,0.27765208,0.048940815,0.26868632,0.000115713,9.310746,45.553955,2.83E-05,0.45200974,0.000219659,2.44E-06,4.48E-05,1.77E-11,0.18655254,0.2648365,0.025846047,0.017959202,0.000427178,-1.02E-05,0.013439803,0.49021986,2.79E-06,0.2541816,-0.019567799,0.12047649,0.23334058,0.21268174,0.2388171,0.025084754,5.02E-05,41.067905,0.19590539,2.44E-06,5.82E-07,-5.95E-10,0.13388227,0.2520799,0.0020086,3.94E-05,0.000148725,0.043943305,0.020003617,0.025860384,0.09391998,0.35267836,0.18541582,3.92E-05,2.44E-06,0.2651978,6.46E-05,1.00E-08,0.001780832,0.000102967,0.16901654,7.44E-05,0.15396431,0.35036334,0.025033532,-5.3793,-45.468792,-50.16286,-36.28375
0.73312503,-6.6,0.29722902,0.047881003,0.26279944,0.000113357,9.122842,45.383606,2.79E-05,0.44264865,0.000214966,2.38E-06,4.34E-05,1.70E-11,0.18294825,0.2597377,0.026163742,0.017522184,0.000431349,-1.00E-05,0.013068612,0.4805871,2.70E-06,0.24878128,-0.0192051,0.11803448,0.22866423,0.20739712,0.23407952,0.025381658,4.87E-05,41.01154,0.19204837,2.38E-06,5.75E-07,-5.53E-10,0.13120037,0.24709342,0.001951195,3.84E-05,0.000144464,0.04303754,0.019630302,0.026174217,0.091901585,0.34552523,0.18037428,3.82E-05,2.38E-06,0.25960398,6.28E-05,9.89E-09,0.001782141,0.000100635,0.16538747,7.23E-05,0.15058392,0.34305677,0.02533739,-5.2690473,-45.300854,-49.886116,-36.320168
0.72344977,-6.4,0.31640682,0.046863608,0.25690895,0.000111016,8.9372225,45.269863,2.75E-05,0.4335296,0.000210417,2.32E-06,4.19E-05,1.64E-11,0.17942488,0.25470877,0.02648876,0.01758042,0.000435511,-9.78E-06,0.012698636,0.47089377,2.62E-06,0.2435279,-0.018839184,0.11558547,0.22401527,0.20265253,0.22941087,0.02569265,4.73E-05,40.975285,0.18831779,2.32E-06,5.67E-07,-1.04E-10,0.12849526,0.24213159,0.001894379,3.75E-05,0.000140236,0.04217844,0.01926923,0.026499623,0.08989443,0.33844116,0.17572431,3.71E-05,2.32E-06,0.25400135,6.10E-05,9.76E-09,0.001783439,9.85E-05,0.16174453,7.01E-05,0.14731921,0.33575836,0.025650801,-5.1621814,-45.173363,-49.67326,-36.396183
0.7132895,-6.2,0.3369134,0.045745537,0.2505951,0.000108651,8.738064,45.095886,2.70E-05,0.4237868,0.000205457,2.26E-06,4.04E-05,1.57E-11,0.1756991,0.24926065,0.026848374,0.01714511,0.000440028,-9.56E-06,0.012307368,0.46045533,2.52E-06,0.23780613,-0.018444112,0.11286364,0.21915102,0.19710831,0.2244089,0.026031917,4.57E-05,40.87755,0.184296,2.26E-06,5.60E-07,-5.79E-11,0.12566777,0.23697862,0.001834425,3.65E-05,0.000135786,0.041241817,0.018888734,0.02686101,0.08771403,0.33081406,0.17065431,3.59E-05,2.26E-06,0.24795517,5.91E-05,9.61E-09,0.001784817,9.60E-05,0.15784891,6.79E-05,0.14381626,0.32784876,0.0259996,-5.0464053,-44.99762,-49.400475,-36.438736
0.7031387,-6,0.35715705,0.04466418,0.24458028,0.000106447,8.541313,44.865868,2.64E-05,0.41447058,0.000200754,2.21E-06,3.88E-05,1.51E-11,0.17209959,0.24385247,0.02722908,0.017185805,0.000444424,-9.40E-06,0.011924831,0.45020345,2.43E-06,0.23215657,-0.018063368,0.11021485,0.2144243,0.19156894,0.21955855,0.026395071,4.43E-05,40.74798,0.18026409,2.20E-06,5.52E-07,-1.55E-10,0.12302653,0.23187488,0.001777221,3.57E-05,0.000131448,0.04031907,0.018509306,0.02724905,0.085542426,0.32323372,0.16559252,3.48E-05,2.20E-06,0.24201798,5.72E-05,9.46E-09,0.001786128,9.38E-05,0.15411526,6.57E-05,0.14032051,0.3202952,0.026380196,-4.932554,-44.827423,-49.07326,-36.430473
0.6926288,-5.8,0.37771356,0.04359332,0.23858468,0.000104203,8.34263,44.650536,2.58E-05,0.405251,0.00019599,2.15E-06,3.73E-05,1.45E-11,0.1685389,0.23852141,0.027621143,0.017422505,0.000448759,-9.25E-06,0.011540701,0.44009632,2.34E-06,0.22646622,-0.017677784,0.107633814,0.20964248,0.18597984,0.21490838,0.026781853,4.30E-05,40.622314,0.17625731,2.15E-06,5.43E-07,-5.08E-10,0.12044244,0.22667278,0.00171986,3.48E-05,0.000127156,0.039370336,0.018125288,0.027649758,0.08333347,0.31562033,0.1604968,3.37E-05,2.15E-06,0.23618668,5.53E-05,9.31E-09,0.001787458,9.16E-05,0.15040119,6.36E-05,0.136898,0.31282148,0.02677795,-4.818775,-44.655888,-48.757496,-36.40593
0.6821329,-5.6,0.39820957,0.04251612,0.23274246,0.000101941,8.143971,44.463932,2.53E-05,0.3961223,0.000191295,2.09E-06,3.57E-05,1.39E-11,0.16491087,0.23329031,0.028024837,0.017516686,0.000452994,-9.09E-06,0.011159179,0.4302202,2.25E-06,0.22098403,-0.017303534,0.10507104,0.20478232,0.18037228,0.21046868,0.02717772,4.16E-05,40.503418,0.17235464,2.09E-06,5.35E-07,-6.14E-10,0.11785507,0.22161004,0.001662682,3.39E-05,0.000122924,0.0384561,0.017744586,0.028057117,0.081175834,0.30812883,0.15564594,3.27E-05,2.09E-06,0.23050594,5.34E-05,9.16E-09,0.001788774,8.94E-05,0.14673434,6.15E-05,0.13350573,0.305536,0.02718373,-4.7057395,-44.479702,-48.44336,-36.405277
0.6706184,-5.4,0.41843998,0.041433673,0.22662248,9.94E-05,7.9394,44.322433,2.48E-05,0.3864324,0.00018635,2.03E-06,3.43E-05,1.33E-11,0.16097355,0.22791767,0.028526831,0.017545281,0.000457279,-8.83E-06,0.010771318,0.42004114,2.16E-06,0.2154828,-0.01690692,0.1023892,0.19959944,0.17487285,0.20558743,0.027655276,4.01E-05,40.44394,0.16825041,2.03E-06,5.26E-07,-3.59E-10,0.11498806,0.21614042,0.001603907,3.29E-05,0.000118636,0.037546303,0.017349336,0.028549762,0.079060264,0.30028903,0.15141411,3.16E-05,2.03E-06,0.22466834,5.16E-05,9.00E-09,0.001790114,8.70E-05,0.1429031,5.93E-05,0.129948,0.29770523,0.027665434,-4.588974,-44.292976,-48.18937,-36.43965
0.65876603,-5.2,0.43819484,0.04034412,0.22032946,9.67E-05,7.7369704,44.18875,2.43E-05,0.3766286,0.000181545,1.97E-06,3.29E-05,1.27E-11,0.15705186,0.2225262,0.029044008,0.017530637,0.000461544,-8.54E-06,0.010383792,0.40962392,2.07E-06,0.20996176,-0.016506402,0.099711984,0.19442472,0.16949065,0.20050986,0.028145913,3.85E-05,40.388985,0.16406362,1.97E-06,5.17E-07,-2.62E-10,0.11206847,0.21061105,0.001545393,3.19E-05,0.000114366,0.036629472,0.016955785,0.029055927,0.07693979,0.29238603,0.14729293,3.05E-05,1.97E-06,0.21876022,4.97E-05,8.83E-09,0.001791449,8.43E-05,0.1389854,5.72E-05,0.12640387,0.28967685,0.028155515,-4.470825,-44.090202,-47.967796,-36.463837
0.6467892,-5,0.4580024,0.03923095,0.21401893,9.40E-05,7.536486,44.02925,2.39E-05,0.3668284,0.000176714,1.91E-06,3.14E-05,1.20E-11,0.15320583,0.217178,0.029591719,0.017502157,0.000465756,-8.25E-06,0.010003557,0.399161,1.98E-06,0.20439923,-0.016110227,0.09703958,0.18921849,0.16401473,0.19543481,0.02866338,3.70E-05,40.309772,0.15984425,1.91E-06,5.08E-07,-3.99E-10,0.1091862,0.20507401,0.001487956,3.09E-05,0.000110155,0.03568857,0.016560785,0.02958927,0.07481663,0.2845261,0.14305134,2.94E-05,1.91E-06,0.21274723,4.79E-05,8.67E-09,0.001792777,8.17E-05,0.13509907,5.50E-05,0.12281832,0.2816503,0.028677093,-4.3523855,-43.872128,-47.718838,-36.505215
0.6342727,-4.8,0.47862688,0.03809416,0.2077396,9.11E-05,7.331083,43.865753,2.34E-05,0.35687894,0.000171563,1.84E-06,2.99E-05,1.14E-11,0.14912911,0.2115877,0.030177476,0.017640447,0.00047008,-7.94E-06,0.009611723,0.38859376,1.89E-06,0.19847798,-0.015717354,0.09435408,0.18385044,0.15858693,0.19037825,0.029225934,3.54E-05,40.250286,0.1556477,1.84E-06,4.98E-07,-3.76E-10,0.10619064,0.19944526,0.001429194,2.98E-05,0.000105808,0.034720518,0.016145708,0.030165035,0.07254221,0.27656347,0.13823085,2.83E-05,1.84E-06,0.20657209,4.59E-05,8.49E-09,0.001794135,7.93E-05,0.13109511,5.29E-05,0.119191125,0.27351025,0.029236196,-4.2338996,-43.69064,-47.43959,-36.55903
0.62160945,-4.6,0.49901617,0.03696163,0.20130701,8.83E-05,7.1214542,43.7003,2.29E-05,0.34720203,0.00016643,1.78E-06,2.85E-05,1.08E-11,0.14527257,0.20600839,0.03079459,0.017800216,0.00047437,-7.64E-06,0.009229085,0.37819213,1.80E-06,0.1926695,-0.015327613,0.09183532,0.17872469,0.15265393,0.18546589,0.029822653,3.38E-05,40.173992,0.15159367,1.78E-06,4.87E-07,-1.69E-10,0.10322805,0.19411597,0.001371172,2.87E-05,0.000101527,0.033759687,0.015744543,0.030776719,0.07031666,0.26868412,0.13288933,2.72E-05,1.78E-06,0.20058665,4.41E-05,8.31E-09,0.001795482,7.69E-05,0.12709111,5.08E-05,0.11566019,0.26567885,0.02983097,-4.1211796,-43.55388,-47.155544,-36.61705
0.6083554,-4.4,0.51984596,0.035806958,0.19472657,8.56E-05,6.908306,43.514984,2.24E-05,0.33730343,0.000161175,1.72E-06,2.71E-05,1.02E-11,0.14141294,0.20026925,0.03145291,0.018073933,0.00047871,-7.34E-06,0.008854551,0.36737132,1.71E-06,0.18674995,-0.014918501,0.08911909,0.1735155,0.14664277,0.18032913,0.03046816,3.23E-05,40.09052,0.14731541,1.72E-06,4.77E-07,-3.28E-10,0.100277804,0.18860431,0.001313772,2.77E-05,9.73E-05,0.032800607,0.015341527,0.031435903,0.0680649,0.26068056,0.12757899,2.62E-05,1.72E-06,0.19442582,4.22E-05,8.12E-09,0.001796852,7.45E-05,0.12298055,4.86E-05,0.11209403,0.2574402,0.030473148,-4.004926,-43.407764,-46.842434,-36.684658
0.5939127,-4.2,0.54079425,0.034646433,0.18804811,8.27E-05,6.6928587,43.34336,2.18E-05,0.32709545,0.000155827,1.65E-06,2.56E-05,9.56E-12,0.13741392,0.19433998,0.0321584,0.017827075,0.000483102,-7.04E-06,0.008465603,0.3562917,1.62E-06,0.1807417,-0.014506334,0.0861278,0.1683305,0.14090347,0.17499541,0.031171288,3.07E-05,40.05089,0.1428771,1.65E-06,4.65E-07,-5.32E-10,0.09723233,0.18289465,0.001254746,2.66E-05,9.30E-05,0.031825554,0.014932585,0.032156155,0.065727144,0.25253752,0.12233015,2.51E-05,1.65E-06,0.18826015,4.02E-05,7.93E-09,0.001798232,7.18E-05,0.11885143,4.64E-05,0.10840169,0.24909289,0.031164559,-3.8850067,-43.276142,-46.544884,-36.706295
0.5787821,-4,0.5621702,0.033485696,0.18130164,7.98E-05,6.4723253,43.190437,2.12E-05,0.31670007,0.000150538,1.59E-06,2.40E-05,9.00E-12,0.13324773,0.18825711,0.032962073,0.017430145,0.000487584,-6.76E-06,0.008060025,0.34507337,1.53E-06,0.17469247,-0.014079074,0.08307115,0.16305164,0.13490576,0.16968389,0.031952742,2.92E-05,39.999767,0.13834444,1.59E-06,4.54E-07,-3.21E-10,0.09423596,0.17714134,0.001194662,2.55E-05,8.85E-05,0.030844564,0.014522354,0.032972857,0.06332425,0.24410655,0.11726661,2.40E-05,1.59E-06,0.18195893,3.83E-05,7.72E-09,0.001799621,6.92E-05,0.114689834,4.42E-05,0.10457775,0.24054568,0.0319348,-3.7603657,-43.11863,-46.276695,-36.704506
0.563574,-3.8,0.5829112,0.03233848,0.1747434,7.68E-05,6.2591686,43.051823,2.07E-05,0.30663753,0.000145045,1.52E-06,2.26E-05,8.42E-12,0.1291293,0.18242197,0.033784978,0.017797088,0.000491896,-6.46E-06,0.0076752,0.334247,1.44E-06,0.16885644,-0.013653655,0.080203116,0.15768895,0.12926501,0.16460276,0.032743126,2.76E-05,39.94048,0.13391583,1.52E-06,4.42E-07,-3.01E-11,0.09126881,0.17158926,0.001137508,2.45E-05,8.42E-05,0.029830383,0.014110398,0.033797693,0.06103225,0.2358272,0.11261929,2.30E-05,1.52E-06,0.17567927,3.64E-05,7.51E-09,0.001800992,6.65E-05,0.110542215,4.21E-05,0.10078221,0.23216248,0.03272473,-3.6403568,-42.95931,-46.021088,-36.77165
0.54764336,-3.6,0.6040381,0.031097017,0.1679469,7.38E-05,6.0308,42.82729,2.01E-05,0.29595447,0.000139443,1.46E-06,2.12E-05,7.81E-12,0.12485944,0.1765465,0.034675304,0.017670723,0.0004962,-6.15E-06,0.007289173,0.3226789,1.36E-06,0.16292009,-0.013225691,0.07705311,0.15202671,0.12333812,0.1592086,0.033600442,2.61E-05,39.830303,0.1293379,1.46E-06,4.30E-07,-8.82E-11,0.088131085,0.16574398,0.001079026,2.34E-05,8.00E-05,0.028797999,0.013680812,0.03468467,0.058721296,0.2272605,0.10792376,2.19E-05,1.46E-06,0.16904782,3.46E-05,7.30E-09,0.001802376,6.39E-05,0.106270276,3.99E-05,0.096863724,0.22344112,0.033599444,-3.5168898,-42.771446,-45.697006,-36.81771
0.5308277,-3.4,0.6254681,0.029834475,0.16100512,7.07E-05,5.8028274,42.66986,1.95E-05,0.2849858,0.000133928,1.39E-06,1.97E-05,7.23E-12,0.120608516,0.17042665,0.03561558,0.017639348,0.000500533,-5.85E-06,0.006894456,0.3111277,1.27E-06,0.15667987,-0.012795744,0.073989004,0.14624155,0.11768704,0.15376523,0.0345086,2.46E-05,39.773884,0.124794796,1.39E-06,4.16E-07,2.83E-11,0.084956855,0.15975066,0.00101939,2.23E-05,7.56E-05,0.027771087,0.013258821,0.035625786,0.056313977,0.21862793,0.10300526,2.08E-05,1.39E-06,0.16236429,3.26E-05,7.07E-09,0.001803773,6.12E-05,0.101870894,3.77E-05,0.09287004,0.21466924,0.034515534,-3.388719,-42.59312,-45.414772,-36.876873
0.51267403,-3.2,0.6477644,0.02852714,0.15386587,6.74E-05,5.574102,42.5843,1.88E-05,0.27392468,0.000127898,1.32E-06,1.83E-05,6.64E-12,0.116478845,0.1643596,0.036625065,0.017676048,0.000504905,-5.53E-06,0.006488775,0.29936907,1.18E-06,0.15021536,-0.01235889,0.070992775,0.14046134,0.112099595,0.14813428,0.035480138,2.30E-05,39.81456,0.12013761,1.32E-06,4.02E-07,-5.48E-11,0.08171252,0.15363394,0.000958167,2.12E-05,7.11E-05,0.026695255,0.012813882,0.0366276,0.05374062,0.20979911,0.09806537,1.97E-05,1.32E-06,0.15547869,3.06E-05,6.83E-09,0.001805183,5.83E-05,0.09723488,3.55E-05,0.08880849,0.20571531,0.035488468,-3.259222,-42.461163,-45.221863,-36.968403
0.49461758,-3,0.668575,0.027252598,0.14667739,6.42E-05,5.3402724,42.393696,1.82E-05,0.26286495,0.000122298,1.26E-06,1.68E-05,6.08E-12,0.11204671,0.15809439,0.037655186,0.017721893,0.000509114,-5.22E-06,0.006111356,0.28774348,1.09E-06,0.14390434,-0.011927865,0.06790825,0.13465123,0.106322564,0.1425028,0.03649092,2.15E-05,39.748425,0.1154497,1.26E-06,3.88E-07,-1.34E-10,0.07850499,0.14763103,0.000900379,2.00E-05,6.68E-05,0.02560918,0.012379038,0.03766369,0.05119374,0.2008861,0.09274534,1.87E-05,1.26E-06,0.14886384,2.87E-05,6.59E-09,0.001806586,5.55E-05,0.09271691,3.34E-05,0.08489002,0.1969458,0.036486875,-3.1312137,-42.277508,-44.95616,-36.993607
0.47614166,-2.8,0.6910551,0.02593024,0.13933149,6.10E-05,5.0993176,42.147545,1.74E-05,0.25148606,0.000116071,1.19E-06,1.54E-05,5.50E-12,0.107381314,0.15139413,0.038736116,0.017719405,0.000513487,-4.94E-06,0.005728386,0.27565274,1.01E-06,0.13728431,-0.011474373,0.06473371,0.12857819,0.10020043,0.13655525,0.037538406,2.00E-05,39.641235,0.11050528,1.19E-06,3.73E-07,-6.99E-11,0.07530706,0.14141105,0.000843595,1.89E-05,6.25E-05,0.024446895,0.011932459,0.038739145,0.04865145,0.19177005,0.08776594,1.76E-05,1.19E-06,0.14193976,2.68E-05,6.32E-09,0.001808007,5.26E-05,0.08818926,3.13E-05,0.08071934,0.18745647,0.037528645,-2.9936123,-42.055363,-44.59143,-37.006706
0.4554987,-2.6,0.71397156,0.024624377,0.13175318,5.77E-05,4.8567147,42.051792,1.67E-05,0.23994808,0.000110236,1.12E-06,1.41E-05,4.99E-12,0.1028334,0.14473526,0.03989272,0.018053759,0.00051782,-4.63E-06,0.005338167,0.2630543,9.19E-07,0.13084328,-0.01103492,0.061653804,0.12241672,0.094773225,0.13065472,0.03866897,1.84E-05,39.64642,0.10545008,1.12E-06,3.57E-07,1.59E-10,0.07189445,0.13491023,0.000785368,1.77E-05,5.81E-05,0.02333877,0.011486537,0.039898146,0.04613065,0.1826908,0.082939886,1.65E-05,1.12E-06,0.13472353,2.49E-05,6.04E-09,0.001809412,5.00E-05,0.08351336,2.91E-05,0.07632934,0.17783694,0.03864609,-2.862411,-41.93415,-44.376644,-37.17577
0.43412456,-2.4,0.73694766,0.023253666,0.12427429,5.43E-05,4.615015,41.95741,1.59E-05,0.22833307,0.000103592,1.05E-06,1.27E-05,4.44E-12,0.098321974,0.1382765,0.041060735,0.018312369,0.000522184,-4.32E-06,0.004938774,0.25024503,8.30E-07,0.124152176,-0.010587705,0.058346048,0.116337515,0.08925605,0.12479457,0.039802894,1.69E-05,39.636673,0.10049967,1.05E-06,3.40E-07,1.82E-10,0.06843836,0.1286446,0.000726091,1.66E-05,5.37E-05,0.022167917,0.011030152,0.041063502,0.04350024,0.17335567,0.07813767,1.54E-05,1.05E-06,0.12745543,2.30E-05,5.75E-09,0.001810826,4.68E-05,0.07882318,2.68E-05,0.072012424,0.16849989,0.039783195,-2.7302432,-41.827374,-44.153366,-37.325882
0.41215512,-2.2,0.75931984,0.021852639,0.116465606,5.08E-05,4.364239,41.76762,1.51E-05,0.21629375,9.71E-05,9.75E-07,1.13E-05,3.92E-12,0.09333449,0.131389,0.042234328,0.018214945,0.00052649,-4.00E-06,0.004536004,0.23727506,7.46E-07,0.117235936,-0.010117354,0.054728698,0.11000852,0.08329535,0.11863435,0.04092001,1.53E-05,39.57247,0.09552654,9.73E-07,3.23E-07,7.94E-11,0.06486729,0.12219816,0.000666857,1.54E-05,4.93E-05,0.021013144,0.010544568,0.04223502,0.040707614,0.16359258,0.0731576,1.43E-05,9.75E-07,0.11998096,2.10E-05,5.45E-09,0.001812245,4.39E-05,0.07393372,2.47E-05,0.06755197,0.1587504,0.0409137,-2.5905824,-41.702682,-43.87037,-37.38205
0.387508,-2,0.78190196,0.020484556,0.10848076,4.72E-05,4.109217,41.67615,1.42E-05,0.20366935,9.00E-05,8.99E-07,1.00E-05,3.42E-12,0.08860836,0.124545515,0.043387916,0.01827506,0.000530776,-3.67E-06,0.004156514,0.22429292,6.68E-07,0.11019785,-0.009639075,0.05132625,0.10375894,0.077475995,0.1122536,0.042022347,1.38E-05,39.62599,0.09039445,8.99E-07,3.04E-07,5.83E-11,0.061272312,0.1155945,0.00060999,1.42E-05,4.51E-05,0.019941632,0.010078038,0.04339076,0.038075358,0.15408294,0.0685539,1.31E-05,8.97E-07,0.11249814,1.91E-05,5.12E-09,0.001813666,4.04E-05,0.06900656,2.26E-05,0.063004084,0.14882477,0.042031422,-2.4532304,-41.654728,-43.68384,-37.560886
0.36183384,-1.8,0.80684257,0.0190468,0.10053799,4.36E-05,3.8437185,41.577866,1.32E-05,0.19130243,8.27E-05,8.23E-07,8.74E-06,2.91E-12,0.0837308,0.11726211,0.044480477,0.017752575,0.000535091,-3.36E-06,0.00377019,0.21098873,5.87E-07,0.10306983,-0.009144666,0.047942955,0.09716356,0.07166449,0.10586139,0.04309107,1.24E-05,39.670795,0.08500299,8.24E-07,2.84E-07,1.31E-13,0.057615373,0.10871037,0.000553191,1.30E-05,4.09E-05,0.018751513,0.009592651,0.044476915,0.035269994,0.14419977,0.06345389,1.20E-05,8.23E-07,0.10466579,1.72E-05,4.78E-09,0.001815134,3.70E-05,0.06393,2.05E-05,0.05838634,0.13854162,0.043089528,-2.309578,-41.574757,-43.447964,-37.766167
0.33461955,-1.6,0.83157796,0.017510453,0.09240389,3.97E-05,3.5765998,41.52786,1.22E-05,0.17817354,7.55E-05,7.48E-07,7.50E-06,2.46E-12,0.07857637,0.110040836,0.045540992,0.017714137,0.000539299,-3.04E-06,0.003372817,0.19712007,5.05E-07,0.09530101,-0.008659673,0.044233408,0.09031926,0.067003705,0.09911736,0.04412917,1.09E-05,39.783806,0.07954261,7.48E-07,2.63E-07,1.89E-10,0.05375876,0.10158001,0.000495147,1.18E-05,3.67E-05,0.017474018,0.009107647,0.04555063,0.032351654,0.1340789,0.05813317,1.08E-05,7.49E-07,0.096486636,1.53E-05,4.42E-09,0.001816565,3.39E-05,0.05870502,1.83E-05,0.053628292,0.12784071,0.04413214,-2.159354,-41.506542,-43.222946,-37.9286
0.30578446,-1.4,0.054406837,0.01604501,0.084239766,3.62E-05,3.307226,41.574932,1.12E-05,0.16523364,6.80E-05,6.64E-07,6.31E-06,1.98E-12,0.073675,0.1029321,0.04646789,0.81398606,0.000543438,-2.96E-06,0.003009397,0.18343855,4.30E-07,0.088573515,-0.008173509,0.040761363,0.0835237,0.060674272,0.092763655,0.04501748,9.64E-06,39.946735,0.07415845,6.64E-07,2.40E-07,1.10E-10,0.05000344,0.09476305,0.000439622,1.06E-05,3.26E-05,0.016282337,0.008631242,0.046466623,0.02958376,0.1239036,0.05425021,9.63E-06,6.64E-07,0.089028165,1.34E-05,4.03E-09,0.001817985,3.04E-05,0.053349424,1.63E-05,0.049018238,0.117729,0.04502525,-2.0178914,-41.557014,-43.183426,-38.273243
0.27430364,-1.2,0.054253586,0.014449081,0.075175256,3.20E-05,3.0298076,41.613247,1.00E-05,0.15142,6.02E-05,5.84E-07,5.12E-06,1.58E-12,0.06823529,0.09501342,0.047248248,0.8403054,0.000547551,-2.62E-06,0.002626255,0.16908321,3.55E-07,0.08031678,-0.007661279,0.036976144,0.07650023,0.05556491,0.085566014,0.04578086,8.21E-06,40.169678,0.0681611,5.85E-07,2.15E-07,3.27E-11,0.04603992,0.08732625,0.000383618,9.36E-06,2.84E-05,0.014975988,0.00810395,0.04726221,0.026512763,0.11313587,0.049144868,8.40E-06,5.87E-07,0.08040978,1.15E-05,3.61E-09,0.001819428,2.69E-05,0.047799792,1.42E-05,0.043910027,0.106288165,0.04578392,-1.8586363,-41.596478,-43.110485,-38.637413
0.24017377,-1,0.05479233,0.012798626,0.06608768,2.77E-05,2.7256596,41.872425,8.78E-06,0.13731028,5.19E-05,5.05E-07,4.09E-06,1.18E-12,0.06261522,0.08702262,0.04790046,0.86689466,0.000551618,-2.26E-06,0.002252802,0.15395424,2.82E-07,0.07241845,-0.007124377,0.032883804,0.06893277,0.04998155,0.078310825,0.046416115,6.85E-06,40.534492,0.06219161,5.04E-07,1.88E-07,1.16E-10,0.041851263,0.07975651,0.000328419,8.06E-06,2.44E-05,0.013571386,0.007580501,0.047912512,0.023372691,0.102061525,0.044687577,7.14E-06,5.06E-07,0.07161758,9.60E-06,3.16E-09,0.001820914,2.32E-05,0.042090658,1.22E-05,0.03872465,0.09468063,0.046411972,-1.6969336,-41.814762,-43.218636,-39.181816
0.2035201,-0.8,0.053789653,0.01110485,0.05674242,2.32E-05,2.4257202,42.34939,7.52E-06,0.122546464,4.31E-05,4.20E-07,3.01E-06,8.32E-13,0.05682585,0.07871968,0.048390485,0.89488506,0.000555707,-1.90E-06,0.001887657,0.13801752,2.14E-07,0.06418323,-0.006580509,0.028806139,0.061035167,0.044694755,0.07070415,0.046872824,5.52E-06,41.14192,0.055953108,4.22E-07,1.60E-07,5.17E-11,0.037541784,0.07182878,0.000274847,6.74E-06,2.03E-05,0.012118079,0.007042923,0.04838253,0.0200973,0.09060527,0.040551268,5.84E-06,4.22E-07,0.06262831,7.72E-06,2.67E-09,0.001822364,1.93E-05,0.036098786,1.02E-05,0.03319208,0.0826116,0.04688102,-1.5358186,-42.311134,-43.54534,-39.93273
0.16213918,-0.6,0.054019816,0.009274069,0.04668334,1.83E-05,2.1039886,43.247887,6.03E-06,0.10690756,3.37E-05,3.33E-07,2.01E-06,5.03E-13,0.05085899,0.06991245,0.04869237,0.9246641,0.000559624,-1.50E-06,0.001521701,0.12147647,1.52E-07,0.055355493,-0.006023249,0.024562307,0.05286833,0.040429413,0.062793136,0.047177766,4.14E-06,42.215836,0.049472585,3.34E-07,1.27E-07,-8.70E-11,0.032986645,0.06369911,0.000222167,5.34E-06,1.65E-05,0.010624994,0.006476481,0.04869241,0.016596088,0.07850998,0.036741536,4.50E-06,3.35E-07,0.053058974,5.85E-06,2.12E-09,0.001823828,1.48E-05,0.029730001,8.20E-06,0.027566535,0.06987622,0.047179416,-1.3629887,-43.224876,-44.299072,-41.168026
0.11543218,-0.4,0.05457573,0.007404591,0.036105707,1.30E-05,1.7593949,45.448784,4.32E-06,0.090606324,2.36E-05,2.42E-07,1.26E-06,2.71E-13,0.044206094,0.060597625,0.04885823,0.9556313,0.000563499,-1.09E-06,0.001157436,0.10372154,9.22E-08,0.046262093,-0.005437237,0.01983939,0.044173576,0.037843835,0.054411903,0.04734272,2.76E-06,44.58766,0.042685814,2.42E-07,9.08E-08,1.13E-10,0.028119067,0.05502779,0.000169425,3.85E-06,1.26E-05,0.009053498,0.005883735,0.048859056,0.01291318,0.065739006,0.034823388,3.08E-06,2.43E-07,0.042894665,3.94E-06,1.51E-09,0.001825301,1.04E-05,0.023049913,6.27E-06,0.021518953,0.056653246,0.047346078,-1.1903085,-45.402374,-46.27228,-43.68491
0.061646424,-0.2,0.05374794,0.005313359,0.024712002,7.31E-06,1.3979462,52.538227,2.26E-06,0.07255293,1.26E-05,1.44E-07,5.18E-07,8.95E-14,0.037106894,0.050443612,0.04892211,0.9894903,0.000567166,-6.95E-07,0.00079913,0.084488094,4.04E-08,0.03635225,-0.004797138,0.014726336,0.034609713,0.039384354,0.04500004,0.04740162,1.42E-06,51.83757,0.035012443,1.44E-07,4.83E-08,-1.34E-10,0.022877617,0.04568598,0.000119067,2.32E-06,8.89E-06,0.007288305,0.005250941,0.04891223,0.008917421,0.051746372,0.037905414,1.60E-06,1.44E-07,0.031671986,2.04E-06,8.04E-10,0.001826819,5.39E-06,0.015715549,4.42E-06,0.014888775,0.04160901,0.047399092,-1.016136,-52.50712,-53.211575,-51.116577
